"","Exp","n","m_looic","m_waic","se_waic","se_looic","m_p_loo","m_elpd_loo","m_se_looic","m_se_p_loo","m_p_waic","m_se_waic"
"1","Exp. 1",16,373.78764586295,125.247496760857,38.2278156801621,38.2267195144296,304.676282606671,-186.893822931475,38.2267195144296,2.26742440240808,180.406208055624,38.2278156801621
"2","Exp. 2",16,556.728757057996,310.575325367707,40.4732902481119,40.1264768466221,303.215950487307,-278.364378528998,40.1264768466221,2.21438589900389,180.139234642163,40.4732902481119
"3","Exp. 3",16,420.556827929583,174.094708709797,21.7326320663952,21.381238932764,303.634569349436,-210.278413964792,21.381238932764,2.21621875729982,180.403509739543,21.7326320663952
"4","Exp. 4a",16,418.281725232177,169.685166068206,36.2420035009543,35.9931698933524,304.91999936068,-209.140862616089,35.9931698933524,2.26379955375799,180.621719778695,36.2420035009543
"5","Exp. 4b",16,812.900867372651,317.273342928505,102.901002203283,103.03309219933,609.050033294073,-406.450433686325,103.03309219933,3.13689756663811,361.236271072,102.901002203283
