"","Exp","m_sig_s2","m_sig_pr2_log","m_ks","m_kr","m_ls","m_ts","m_mu_pr","m_sig_pr2","m_mu_pr_log","m_sig_mn2","n","se_sig_s2","se_sig_mn2","se_sig_pr2_log","se_ks","se_kr","se_ls","se_mu_pr_log"
"1","Exp. 1",0.0340591869039412,0.139008001131693,0,0,0,0.0054522537354978,0.965870349572919,0.106549713616943,-0.0884767189642484,0.00738385819274822,16,0.00488192768145052,0.00144655489782651,0.0461057036992803,0,0,0,0.0642940330455091
"2","Exp. 2",0.080081385471237,0.119452666347373,0.119715916300902,0,0.113548704699087,0.012494203248826,1.04082840795407,0.0322190108542041,0.0144187467854958,0.0169115785515044,16,0.0268258384072923,0.00377615499977902,0.0270748753074833,0.0327919318297596,0,0.0414075696520816,0.0428637631025678
"3","Exp. 3",0.0387794258022689,0.0940189005793884,0,0.0318053134663178,0,0.00513027738519077,0.909837142572733,0.0154977186920004,-0.118750923622315,0.0106500406647941,16,0.00342836220225652,0.00246925365987095,0.0238904757158691,0,0.00489507376949757,0,0.0487402174511495
"4","Exp. 4a",0.0301735876649163,0.153410147703193,0.42053535695918,0.223868809952295,0.0141183069335824,0.00483065336911765,0.981632069460735,0.0661341283741315,-0.0637995685072148,0.011577453586607,16,0.00472319594800886,0.0039580633554304,0.048457139705191,0.014511934668288,0.0214637459287472,0.00416818669926325,0.0538479415673691
"5","Exp. 4b",0.0221439059789529,0.104214081224756,0.407728594859281,0.204548373276306,0.0171294778092294,0.00484335658130759,0.985240284362407,0.0143283021018312,-0.0454266569341512,0.0186892076010856,16,0.00504961066092797,0.0123985729695513,0.010945375633105,0.0383527034544898,0.0233726999518036,0.00566105739671737,0.0589984842091
