,rank,elpd_loo,p_loo,elpd_diff,weight,se,dse,warning,scale,reliable,experiment,ic_type,model
Experimentwise,0,-1987.2411771961897,66.23453294431556,0.0,0.5091499405196686,156.899050625278,0.0,True,deviance,False,Baseline,loo,Experimentwise
EncodingOnly,1,-1987.0932336652545,71.35757317004322,0.14794353093549972,0.49085005948033056,156.9874311728327,4.727369760610688,False,deviance,True,Baseline,loo,EncodingOnly
NULL,2,-1986.4060933077997,66.6740187464676,0.8350838883900753,0.0,157.00984769640328,0.2739274427467441,False,deviance,True,Baseline,loo,NULL
FreeParameters,3,-1985.0452730856798,73.22556020899412,2.195904110510016,1.657357230329131e-16,157.1586224209964,5.299903467868034,True,deviance,False,Baseline,loo,FreeParameters
ReproductionOnly,4,-1984.4414534266618,68.63004401184537,2.799723769528276,7.771561172376096e-16,156.87871106547607,1.5632891869819747,False,deviance,True,Baseline,loo,ReproductionOnly
