,rank,elpd_loo,p_loo,elpd_diff,weight,se,dse,warning,scale,reliable,experiment,ic_type,model
Experimentwise,0,-3956.298910842517,80.43488797438931,0.0,0.770119811938386,204.03434863780083,0.0,False,deviance,True,Both_gap,loo,Experimentwise
FreeParameters,1,-3955.8545306008173,80.65471015061894,0.4443802416994824,0.0,204.04518661185404,0.33075531156170673,False,deviance,True,Both_gap,loo,FreeParameters
EncodingOnly,2,-3928.2095470862696,75.94426280718312,28.089363756247188,1.3452417352988185e-12,204.51579934805434,11.792259066776278,False,deviance,True,Both_gap,loo,EncodingOnly
ReproductionOnly,3,-3906.4493866699067,74.98907670663948,49.84952417261017,0.1928843663471367,203.97797890474575,19.11660112237875,False,deviance,True,Both_gap,loo,ReproductionOnly
NULL,4,-3562.9285901701082,63.02154345558279,393.3703206724088,0.03699582171313209,203.66210560441687,40.90182668097997,False,deviance,True,Both_gap,loo,NULL
