,rank,elpd_loo,p_loo,elpd_diff,weight,se,dse,warning,scale,reliable,experiment,ic_type,model
Experimentwise,0,-1111.0493494048058,86.39438800269738,0.0,0.5702709295829158,169.64306295722955,0.0,True,deviance,False,Both,loo,Experimentwise
FreeParameters,1,-1110.6435772263883,86.47690744694432,0.4057721784176227,2.3635745781537592e-15,169.7378483358596,0.39788368561156934,True,deviance,False,Both,loo,FreeParameters
ReproductionOnly,2,-1109.4327200736952,83.98405448449148,1.6166293311106372,0.3330504740647217,170.0983878806031,5.895884600291378,True,deviance,False,Both,loo,ReproductionOnly
EncodingOnly,3,-1108.7529606416485,84.12077466315384,2.2963887631574345,3.031856539651894e-14,169.44767737854843,3.648450529273538,True,deviance,False,Both,loo,EncodingOnly
NULL,4,-1078.193512130143,75.83501703128809,32.85583727466261,0.09667859635232989,169.78477778227682,13.672062545509533,True,deviance,False,Both,loo,NULL
