,rank,elpd_loo,p_loo,elpd_diff,weight,se,dse,warning,scale,reliable,experiment,ic_type,model
Experimentwise,0,-3957.2468935742777,79.89808903907328,0.0,0.774886503493267,203.94911128376307,0.0,False,deviance,True,Both_gap,loo,Experimentwise
FreeParameters,1,-3956.313857711992,80.48094398213266,0.9330358622854824,2.472375409136366e-13,204.02915836007486,0.2997551298652887,False,deviance,True,Both_gap,loo,FreeParameters
EncodingOnly,2,-3928.0422960811366,75.92333717050519,29.204597493140547,0.0,204.43916737215443,11.808802219734934,False,deviance,True,Both_gap,loo,EncodingOnly
ReproductionOnly,3,-3906.740599909968,74.81008978674595,50.50629366430955,0.18848253228456857,203.9537114745044,19.074118289043355,False,deviance,True,Both_gap,loo,ReproductionOnly
NULL,4,-3562.8321441934804,63.09764304317741,394.4147493807975,0.03663096422191714,203.640226039623,40.9104097582857,False,deviance,True,Both_gap,loo,NULL
