,rank,elpd_loo,p_loo,elpd_diff,weight,se,dse,warning,scale,reliable,experiment,ic_type,model
EncodingOnly,0,1014.7208892376163,69.91814677751819,0.0,1.4286435499170336e-15,127.06040570674874,0.0,False,deviance,True,Encoding,loo,EncodingOnly
Experimentwise,1,1014.7973388603854,69.91762339483068,0.07644962276908274,0.8161676691905969,127.055491101979,0.5182140589009382,True,deviance,False,Encoding,loo,Experimentwise
FreeParameters,2,1017.1148112015037,72.19249760789916,2.3939219638875997,2.0503941351879694e-14,127.08016989195897,1.5141479950675438,False,deviance,True,Encoding,loo,FreeParameters
ReproductionOnly,3,1061.7804518723065,63.52558213672626,47.05956263469036,0.18383233080942857,126.264319689111,17.80872112916539,False,deviance,True,Encoding,loo,ReproductionOnly
NULL,4,1080.9820202540707,56.18028222237308,66.26113101645433,0.0,126.42569643190717,18.337586615102786,False,deviance,True,Encoding,loo,NULL
