,rank,elpd_loo,p_loo,elpd_diff,weight,se,dse,warning,scale,reliable,experiment,ic_type,model
FreeParameters,0,-1182.9823270711493,73.73902182073914,0.0,0.8032682581780315,139.51916296839732,0.0,False,deviance,True,Reproduction,loo,FreeParameters
ReproductionOnly,1,-1181.402638862146,72.27806235216087,1.5796882090032476,0.11748099903717511,139.67867745725746,3.4939572901522107,False,deviance,True,Reproduction,loo,ReproductionOnly
Experimentwise,2,-1180.9916864575353,72.3558017146787,1.9906406136140369,1.2881237419813546e-15,139.63990459807823,3.4917628239846796,False,deviance,True,Reproduction,loo,Experimentwise
NULL,3,-1130.8016614623184,62.27197664707751,52.18066560883071,0.07925074278479464,139.46845627453874,15.761883939058814,False,deviance,True,Reproduction,loo,NULL
EncodingOnly,4,-1126.477877459937,64.08125486303891,56.50444961121234,0.0,139.43317851613094,15.876784130450723,False,deviance,True,Reproduction,loo,EncodingOnly
